A,C,G,T,genus name,class
191,199,113,147,Nivivent,
183,186,110,171,Ratt,
180,196,98,146,Ctenom,
180,196,98,146,Ctenom,
179,196,98,147,Ctenom,
182,198,96,144,Ctenom,
181,196,97,146,Ctenom,
181,199,97,143,Ctenom,
181,198,98,143,Ctenom,
168,145,105,103,Hylomysc,
174,134,105,105,Praom,
179,209,117,145,Cricetul,
172,189,107,164,Allacta,
181,193,97,149,Ctenom,
179,198,99,146,Ctenom,
176,183,115,177,Myod,
183,175,115,180,Neod,
203,188,106,156,Apodem,
204,189,105,155,Apodem,
181,210,118,144,Cricetul,
180,211,119,143,Cricetul,
182,173,115,183,Neod,
202,184,107,160,M,
179,210,121,143,Cricetul,
200,185,106,159,M,
176,178,115,182,Myod,
183,173,116,181,Neod,
172,167,126,185,Microt,
187,181,114,168,Merion,
180,198,98,146,Ctenom,
183,175,115,180,Neod,
180,210,119,144,Cricetul,
183,175,115,180,Neod,
180,210,119,144,Cricetul,
204,164,112,173,Phodop,
198,203,103,149,Eospal,
195,183,104,163,M,
180,210,119,144,Cricetul,
202,190,98,155,Apodem,
188,185,105,177,Bandico,
167,197,105,136,Mesocricet,
187,182,117,167,Merion,
188,185,105,177,Bandico,
170,129,90,99,Mastom,
178,148,105,105,Praom,
182,148,106,107,Colom,
187,151,110,109,Hylomysc,
192,149,107,107,Hylomysc,
167,146,103,99,Hylomysc,
177,144,104,98,Hylomysc,
183,152,106,105,Hylomysc,
186,145,100,113,Mastom,
182,149,104,108,Mastom,
179,137,108,116,Praom,
171,147,105,111,Praom,
168,153,107,106,Praom,
202,186,110,155,Apodem,
177,174,112,185,Eothenom,
185,198,106,156,Nivivent,
187,188,110,160,Apodem,
187,188,110,160,Apodem,
179,207,121,146,Cricetul,
178,198,100,146,Ctenom,
185,206,100,145,Ctenom,
181,210,118,144,Cricetul,
172,166,126,186,Microt,
202,184,107,160,M,
184,206,110,150,Ctenom,
180,211,118,144,Cricetul,
157,170,126,200,Dip,
179,186,113,167,Apodem,
166,178,115,194,Allacta,
180,210,119,144,Cricetul,
203,185,106,159,M,
178,194,103,166,Leopoldam,
201,186,107,159,M,
181,145,106,102,Hylomysc,
182,149,106,106,Praom,
179,147,106,106,Praom,
201,192,98,154,Apodem,
187,187,110,161,Apodem,
180,195,105,165,Ratt,
179,197,99,147,Ctenom,
0,0,0,0,Heterom,
187,194,110,159,Nivivent,
179,173,120,181,Lasiopodom,
183,175,115,180,Neod,
180,212,119,142,Cricetul,
183,175,115,180,Neod,
181,172,114,183,Neod,
182,208,102,144,Ctenom,
203,189,106,155,Apodem,
183,188,105,169,Ratt,
182,192,108,168,Ratt,
182,141,108,104,Hylomysc,
183,143,105,107,Praom,
190,199,114,147,Nivivent,
181,189,108,176,Juliom,
183,140,107,110,Praom,
179,137,108,116,Praom,
183,206,101,146,Ctenom,
186,143,105,105,Hylomysc,
181,139,105,103,Heimysc,
204,189,105,155,Apodem,
200,205,102,146,Eospal,
180,194,114,162,Ratt,
176,192,105,168,Leopoldam,
182,139,106,108,Praom,
185,206,99,146,Ctenom,
181,210,118,144,Cricetul,
187,151,110,109,Hylomysc,
181,145,106,102,Hylomysc,
182,144,101,110,Praom,
179,208,118,145,Cricetul,
180,180,106,182,Caryom,
166,141,103,94,Hylomysc,
184,185,109,172,Ratt,
172,202,107,164,Microm,
187,194,110,159,Nivivent,
203,189,106,155,Apodem,
186,201,111,147,Nivivent,
179,187,112,167,Apodem,
174,193,113,158,Ratt,
179,208,118,145,Cricetul,
159,172,124,198,Dip,
199,184,107,160,M,
179,137,107,115,Praom,
175,166,126,186,Microt,
187,153,103,102,Bandico,
185,145,101,112,Mastom,
183,184,109,172,Eothenom,
194,148,107,108,Hylomysc,
180,211,119,143,Cricetul,
0,0,0,0,Apodem,
169,151,106,108,Praom,
178,144,102,110,Mastom,
184,207,109,150,Ctenom,
179,195,114,159,Ratt,
144,143,84,102,Tami,
190,199,114,147,Nivivent,
179,173,120,181,Lasiopodom,
181,190,92,136,Apodem,
189,182,110,169,Euryoryzom,
183,149,102,107,Mastom,
180,177,112,182,Myod,
181,144,101,108,Mastom,
183,207,101,145,Ctenom,
182,194,109,160,Nivivent,
183,151,103,106,Mastom,
170,149,104,109,Praom,
202,184,107,160,M,
183,208,100,145,Ctenom,
183,175,115,180,Neod,
165,183,103,181,Allacta,
182,144,103,113,Mastom,
185,202,112,146,Nivivent,
172,166,126,186,Microt,
180,208,117,145,Cricetul,
157,170,129,197,Dip,
181,210,118,144,Cricetul,
186,202,111,146,Nivivent,
0,0,0,0,Nivivent,
186,142,107,108,Praom,
183,149,106,106,Praom,
175,190,116,161,Ratt,
173,151,104,109,Praom,
182,193,108,167,Ratt,
175,183,100,161,Ratt,
186,186,108,170,Ratt,
179,144,101,110,Mastom,
199,205,102,147,Eospal,
183,145,103,112,Mastom,
189,138,105,109,Praom,
181,145,104,104,Hylomysc,
180,198,98,144,Ctenom,
177,182,114,178,Myod,
176,141,105,98,Hylomysc,
203,194,105,151,Apodem,
177,175,125,176,Lasiopodom,
179,147,105,105,Praom,
187,188,110,160,Apodem,
200,194,106,150,Apodem,
187,178,117,171,Merion,
179,141,111,109,Praom,
183,142,105,109,Praom,
173,202,106,164,Microm,
190,144,106,106,Heimysc,
0,0,0,0,Malacom,
178,147,107,108,Praom,
0,0,0,0,Microt,
182,174,115,182,Neod,
179,195,106,165,Ratt,
182,193,108,167,Ratt,
180,144,101,108,Mastom,
186,188,111,160,Apodem,
194,202,103,151,Eospal,
182,151,107,108,Praom,
189,137,105,110,Praom,
202,165,112,174,Phodop,
158,171,116,187,Allacta,
181,144,101,111,Praom,
180,210,119,144,Cricetul,
183,140,108,103,Heimysc,
179,139,104,104,Hylomysc,
184,185,109,172,Ratt,
183,141,105,105,Hylomysc,
182,193,108,167,Ratt,
183,144,102,113,Mastom,
184,146,103,111,Mastom,
180,208,120,145,Cricetul,
172,175,102,147,Apodem,
187,202,110,146,Nivivent,
186,141,104,103,Heimysc,
185,186,108,170,Ratt,
180,176,112,183,Myod,
165,175,118,195,Allacta,
169,177,113,194,Allacta,
0,0,0,0,Myod,
0,0,0,0,Oryzom,
179,144,107,102,Hylomysc,
184,185,109,172,Ratt,
154,192,106,180,Allacta,
184,145,100,112,Mastom,
184,144,101,105,Myomysc,
187,148,105,114,Mastom,
184,139,106,104,Heimysc,
181,140,108,107,Praom,
175,192,109,169,Ratt,
170,187,101,157,Ratt,
180,208,120,145,Cricetul,
165,178,116,194,Allacta,
201,192,99,153,Apodem,
183,145,108,113,Hylomysc,
189,199,113,149,Nivivent,
178,142,106,111,Hylomysc,
162,144,98,100,Praom,
202,165,112,174,Phodop,
174,137,105,99,Hylomysc,
204,188,105,156,Apodem,
182,193,108,167,Ratt,
183,175,115,180,Neod,
183,144,102,113,Mastom,
180,211,119,143,Cricetul,
184,185,109,172,Ratt,
173,201,106,165,Microm,
183,191,109,167,Ratt,
178,180,115,178,Myod,
180,211,119,143,Cricetul,
0,0,0,0,Cunicul,
185,207,99,145,Ctenom,
180,186,112,167,Apodem,
180,195,114,161,Ratt,
186,150,111,110,Hylomysc,
203,188,106,156,Apodem,
184,185,109,172,Ratt,
182,140,107,111,Praom,
175,190,101,166,Allacta,
180,211,119,143,Cricetul,
191,199,113,147,Nivivent,
201,195,104,150,Apodem,
178,196,100,146,Ctenom,
183,145,103,113,Mastom,
202,165,112,174,Phodop,
178,145,102,109,Mastom,
179,137,108,116,Praom,
0,0,0,0,Nivivent,
179,196,99,146,Ctenom,
181,194,113,162,Ratt,
185,147,105,104,Hylomysc,
180,142,109,105,Hylomysc,
180,140,111,109,Praom,
186,201,111,147,Nivivent,
182,193,108,167,Ratt,
200,194,106,150,Apodem,
180,211,119,143,Cricetul,
179,137,101,97,Heimysc,
187,195,110,158,Nivivent,
191,144,105,102,Hylomysc,
160,141,102,105,Praom,
180,194,114,162,Ratt,
183,140,106,110,Praom,
179,208,118,145,Cricetul,
174,165,124,187,Microt,
200,184,106,160,M,
187,186,107,170,Ratt,
191,199,113,147,Nivivent,
200,193,100,152,Apodem,
180,148,107,107,Colom,
188,183,109,170,Euryoryzom,
180,140,111,109,Praom,
188,143,106,104,Hylomysc,
188,145,104,104,Hylomysc,
180,148,101,106,Zelotom,
171,151,106,110,Praom,
195,183,104,163,M,
188,185,105,177,Bandico,
176,138,102,104,Hylomysc,
180,210,119,144,Cricetul,
182,193,108,167,Ratt,
186,206,108,150,Ctenom,
179,173,120,181,Lasiopodom,
180,208,120,145,Cricetul,
183,185,111,171,Ratt,
180,195,98,147,Ctenom,
202,192,109,150,Apodem,
179,137,105,105,Praom,
181,145,106,102,Hylomysc,
184,147,102,110,Mastom,
139,153,81,103,Maxom,
179,148,100,106,Mastom,
183,142,105,109,Praom,
183,149,106,108,Colom,
180,195,114,161,Ratt,
183,175,115,180,Neod,
188,151,110,109,Hylomysc,
184,143,104,104,Hylomysc,
202,190,107,154,Apodem,
179,196,114,160,Ratt,
183,140,108,103,Heimysc,
201,193,105,151,Apodem,
0,0,0,0,Myod,
181,194,113,162,Ratt,
180,207,120,146,Cricetul,
201,194,104,151,Apodem,
179,180,115,177,Myod,
187,179,114,170,Merion,
182,198,96,146,Ctenom,
180,177,112,182,Myod,
183,138,107,111,Praom,
180,211,119,143,Cricetul,
178,136,102,106,Hylomysc,
169,153,106,106,Praom,
180,194,114,162,Ratt,
200,184,106,160,M,
0,0,0,0,Ratt,
178,145,101,110,Mastom,
178,143,102,111,Mastom,
186,186,108,170,Ratt,
183,184,109,172,Eothenom,
171,151,106,109,Praom,
183,142,105,109,Praom,
180,210,119,144,Cricetul,
173,141,103,98,Hylomysc,
184,140,106,103,Heimysc,
182,145,100,112,Mastom,
179,142,106,111,Hylomysc,
0,0,0,0,Myod,
187,187,110,161,Apodem,
178,176,121,178,Lasiopodom,
183,174,115,181,Neod,
180,210,119,144,Cricetul,
172,152,105,106,Praom,
183,149,103,107,Mastom,
202,190,98,155,Apodem,
180,211,119,143,Cricetul,
180,140,102,104,Hylomysc,
172,189,102,157,Ratt,
183,175,115,180,Neod,
190,200,107,153,Eospal,
188,151,110,109,Hylomysc,
183,174,115,181,Neod,
183,186,110,171,Ratt,
183,150,106,104,Hylomysc,
165,178,97,151,Ratt,
186,144,104,106,Hylomysc,
170,147,106,111,Praom,
201,186,107,159,M,
181,179,112,179,Myod,
184,186,109,171,Ratt,
179,137,108,116,Praom,
0,0,0,0,Hylomysc,
183,207,101,145,Ctenom,
185,147,101,110,Mastom,
202,165,112,174,Phodop,
182,193,108,167,Ratt,
178,147,106,105,Praom,
184,194,107,160,Nivivent,
184,208,100,144,Ctenom,
184,196,106,159,Nivivent,
186,205,108,151,Ctenom,
177,211,110,153,Pterom,
201,192,99,153,Apodem,
186,186,108,170,Ratt,
0,0,0,0,Microt,
180,210,119,144,Cricetul,
179,140,111,110,Praom,
200,206,101,146,Eospal,
203,189,106,155,Apodem,
179,196,99,146,Ctenom,
177,137,105,104,Praom,
185,146,101,111,Mastom,
180,180,106,182,Caryom,
178,194,105,178,Deltam,
180,208,120,145,Cricetul,
180,211,119,143,Cricetul,
158,172,125,198,Dip,
182,193,108,167,Ratt,
181,196,113,160,Ratt,
184,189,111,161,Apodem,
182,193,108,167,Ratt,
0,0,0,0,Nivivent,
0,0,0,0,Myod,
171,149,106,112,Praom,
183,139,107,110,Praom,
183,175,115,180,Neod,
202,184,107,160,M,
180,210,119,144,Cricetul,
180,136,108,116,Praom,
173,165,130,185,Microt,
204,164,112,173,Phodop,
180,210,119,144,Cricetul,
200,184,106,160,M,
187,194,110,159,Nivivent,
0,0,0,0,Nivivent,
180,211,119,143,Cricetul,
0,0,0,0,Microt,
179,137,108,116,Praom,
156,185,113,178,Allacta,
179,197,99,145,Ctenom,
180,195,99,146,Ctenom,
169,153,106,106,Praom,
166,178,114,195,Allacta,
179,143,101,110,Mastom,
184,147,107,108,Hylomysc,
183,188,105,169,Ratt,
0,0,0,0,Ratt,
183,175,115,180,Neod,
195,183,104,163,M,
200,194,100,151,Apodem,
185,186,108,170,Ratt,
152,194,108,178,Allacta,
201,192,98,154,Apodem,
182,138,108,110,Praom,
181,173,114,182,Neod,
202,165,112,174,Phodop,
184,143,104,104,Hylomysc,
185,207,99,145,Ctenom,
180,150,107,107,Hylomysc,
201,195,104,150,Apodem,
175,191,109,170,Ratt,
159,221,111,157,Chaetodip,
183,206,101,146,Ctenom,
178,194,114,160,Ratt,
202,185,107,159,M,
183,149,107,108,Praom,
180,194,114,162,Ratt,
174,149,104,111,Praom,
169,153,106,106,Praom,
183,175,115,180,Neod,
190,199,114,147,Nivivent,
154,192,106,180,Allacta,
0,0,0,0,Ratt,
181,144,100,109,Mastom,
174,167,127,185,Microt,
182,141,104,107,Hylomysc,
177,186,113,175,Myod,
179,147,105,105,Praom,
183,175,115,180,Neod,
182,193,108,167,Ratt,
189,138,105,109,Praom,
135,98,67,74,Praom,
182,193,108,167,Ratt,
183,144,103,116,Mastom,
179,196,99,146,Ctenom,
181,143,101,108,Mastom,
175,145,105,111,Praom,
183,142,105,109,Praom,
179,141,111,109,Praom,
188,185,105,177,Bandico,
184,185,109,172,Ratt,
183,176,114,180,Neod,
180,211,119,143,Cricetul,
184,145,103,112,Mastom,
173,167,125,185,Microt,
180,138,104,104,Praom,
170,148,106,99,Hylomysc,
178,182,113,178,Myod,
183,175,115,180,Neod,
175,191,109,170,Ratt,
185,141,105,105,Hylomysc,
183,141,105,108,Praom,
178,183,114,176,Myod,
183,140,106,110,Praom,
181,189,106,175,Juliom,
204,164,112,173,Phodop,
181,194,113,162,Ratt,
0,0,0,0,Myod,
